tarih,sicaklik_c,yagis_mm,buharlaşma_mm
1940-01-01,-3.5013123,1.7852783,0.61793625
1940-02-01,2.2860413,1.3580322,1.3690107
1940-03-01,1.122467,1.0204315,2.2387617
1940-04-01,10.072174,2.207756,3.649503
1940-05-01,13.57486,1.5087128,4.431065
1940-06-01,19.233551,1.5525818,5.809147
1940-07-01,22.372711,0.45585632,6.5253267
1940-08-01,23.314972,0.049591064,6.1785502
1940-09-01,17.4711,0.1335144,4.685953
1940-10-01,13.48587,0.5207062,2.8997064
1940-11-01,7.902008,0.62942505,1.5063249
1940-12-01,1.8111877,2.565384,0.7276721
1941-01-01,1.5853577,1.7757416,0.8776672
1941-02-01,3.5917053,0.7247925,1.6597211
1941-03-01,3.1297913,1.0719299,2.2225156
1941-04-01,10.091949,1.9207001,3.6741607
1941-05-01,15.9339905,0.6980896,5.6342783
1941-06-01,20.142975,1.3465881,6.0504565
1941-07-01,23.652374,0.17547607,6.836392
1941-08-01,22.636993,0.04196167,6.4561887
1941-09-01,17.334991,0.6599426,4.3518953
1941-10-01,9.48111,0.8354187,2.4594963
1941-11-01,5.3711243,0.9059906,1.3126582
1941-12-01,-2.5520935,1.2588501,0.6791316
1942-01-01,-5.576996,1.1558533,0.58340657
1942-02-01,2.335846,0.9326935,1.3198481
1942-03-01,4.0035706,1.9016266,1.8334911
1942-04-01,9.726227,0.7801056,3.7313886
1942-05-01,16.527985,1.0414124,5.340997
1942-06-01,21.381989,0.49591064,6.8310986
1942-07-01,22.670563,0.047683716,7.103864
1942-08-01,21.927643,1.0585785,5.9511476
1942-09-01,17.83255,0.08010864,4.7351494
1942-10-01,12.150665,0.6275177,2.731379
1942-11-01,6.4376526,1.2302399,1.3123043
1942-12-01,1.3282776,0.4310608,0.7494204
1943-01-01,-1.9566345,3.001213,0.725206
1943-02-01,-1.2561951,0.35095215,1.222223
1943-03-01,1.2516174,1.1081696,1.9374862
1943-04-01,7.592926,1.9283295,2.9544644
1943-05-01,14.771637,0.84495544,4.966687
1943-06-01,19.562286,0.30899048,6.580632
1943-07-01,22.581207,0.036239624,7.235702
1943-08-01,22.916656,0.0,6.805215
1943-09-01,18.2836,0.18310547,4.808936
1943-10-01,14.841217,0.49209595,3.0826814
1943-11-01,9.078033,0.44631958,1.6557537
1943-12-01,2.2262268,1.0509491,0.8807555
1944-01-01,-3.403656,1.6975403,0.6466657
1944-02-01,0.48184204,0.8163452,1.4344156
1944-03-01,5.419098,1.247406,2.6083252
1944-04-01,10.04776,0.9613037,3.685359
1944-05-01,13.050201,1.5468597,4.7106037
1944-06-01,19.536285,0.7305145,5.9624763
1944-07-01,22.828156,0.01335144,7.1339755
1944-08-01,20.792755,0.009536743,6.3928514
1944-09-01,17.332916,0.0019073486,4.7221594
1944-10-01,14.228058,0.30708313,2.9499419
1944-11-01,6.9164124,0.70762634,1.5132539
1944-12-01,1.4798889,1.8844604,0.69870055
1945-01-01,-2.587738,1.745224,0.69228935
1945-02-01,-2.938568,0.9317398,1.054801
1945-03-01,0.23672485,0.48828125,2.0400584
1945-04-01,7.4911194,1.1291504,3.2942667
1945-05-01,16.432281,0.40245056,5.456988
1945-06-01,18.641998,0.77438354,6.0394144
1945-07-01,22.347809,0.011444092,7.276274
1945-08-01,23.771881,0.030517578,6.820705
1945-09-01,20.170319,0.118255615,5.062569
1945-10-01,11.959381,0.18692017,2.9770284
1945-11-01,6.9825745,1.6412735,1.543358
1945-12-01,1.0948792,1.0166168,0.7220581
1946-01-01,-1.1370544,0.44250488,0.9100623
1946-02-01,-1.3299255,2.3880005,1.1492223
1946-03-01,3.4571838,1.8806458,1.9233749
1946-04-01,9.218903,1.1749268,3.3356547
1946-05-01,13.609283,2.6683807,4.044555
1946-06-01,18.036285,1.3332367,5.386844
1946-07-01,21.074371,0.28038025,6.9910064
1946-08-01,22.206207,0.0,6.7047586
1946-09-01,19.421051,0.07247925,5.143892
1946-10-01,11.094513,0.9651184,2.570413
1946-11-01,9.661163,0.33187866,1.8503554
1946-12-01,1.4051819,1.7852783,0.7392652
1947-01-01,-0.94662476,2.0656586,0.6722026
1947-02-01,1.7640686,1.1062622,1.368165
1947-03-01,8.1024475,0.93078613,2.760224
1947-04-01,11.649811,0.42915344,4.33708
1947-05-01,16.098297,1.0242462,5.0474553
1947-06-01,20.090973,1.1940002,6.038964
1947-07-01,23.360748,0.3452301,6.8285427
1947-08-01,22.984406,0.01335144,6.586712
1947-09-01,17.934723,0.61798096,4.5767093
1947-10-01,11.693512,0.5893707,2.8429105
1947-11-01,7.2635803,1.6098022,1.2660809
1947-12-01,4.0169983,0.5426407,0.95527244
1948-01-01,2.7870178,0.6465912,1.0305345
1948-02-01,-0.15560913,2.286911,1.087606
1948-03-01,-1.5943298,1.5449524,1.6301535
1948-04-01,7.4913635,3.045082,2.860468
1948-05-01,13.62442,1.7738342,4.0680842
1948-06-01,18.451813,0.5607605,5.630683
1948-07-01,22.29361,0.0038146973,7.1645045
1948-08-01,22.655792,0.0076293945,6.458573
1948-09-01,18.323395,0.0705719,4.6243296
1948-10-01,11.817535,0.29182434,2.7198343
1948-11-01,5.6788635,0.9365082,1.7025955
1948-12-01,-4.444916,1.2893677,0.5043745
1949-01-01,-5.79599,1.5411377,0.4638061
1949-02-01,-5.141693,0.7247925,0.85259604
1949-03-01,0.65322876,2.3326874,1.3944991
1949-04-01,5.5885315,1.7375946,2.8059967
1949-05-01,14.734528,0.5016327,5.074587
1949-06-01,19.09732,0.2193451,6.5039434
1949-07-01,20.72232,0.022888184,6.610926
1949-08-01,19.834015,0.0,6.2762723
1949-09-01,14.703766,0.705719,3.6456585
1949-10-01,12.67691,0.21743774,2.9334016
1949-11-01,9.314728,0.3414154,1.7671175
1949-12-01,2.9864807,1.2435913,0.8712262
1950-01-01,-4.1929626,1.1024475,0.7972121
1950-02-01,-0.60873413,0.47397614,1.433406
1950-03-01,5.2831116,1.8529892,2.1999552
1950-04-01,13.773834,0.7133484,4.238237
1950-05-01,14.962799,2.281189,4.0477777
1950-06-01,18.935455,0.2861023,6.163169
1950-07-01,22.15567,0.019073486,7.2877145
1950-08-01,21.601227,0.024795532,6.3474364
1950-09-01,20.805084,0.051498413,5.053829
1950-10-01,11.301178,0.63323975,2.7975104
1950-11-01,7.0292053,0.78964233,1.3973601
1950-12-01,4.559723,0.45013428,0.87461996
1951-01-01,2.2980042,1.3284683,1.0034964
1951-02-01,4.2931213,0.9279251,1.5838891
1951-03-01,8.4149475,1.2931824,2.606567
1951-04-01,12.089264,1.0662079,3.7675276
1951-05-01,16.297516,1.0547638,5.1353574
1951-06-01,19.308746,0.8506775,5.6160984
1951-07-01,22.59134,0.35476685,6.664969
1951-08-01,23.378082,0.10871887,6.30201
1951-09-01,19.03653,0.1449585,4.741475
1951-10-01,10.034332,1.4381409,1.9988046
1951-11-01,7.3717346,0.7839203,1.4560223
1951-12-01,-1.0464783,0.8163452,0.69733334
1952-01-01,1.9635315,0.6933212,0.9475425
1952-02-01,2.945465,1.2397766,1.5477948
1952-03-01,3.6026917,1.5830994,2.2820382
1952-04-01,10.969147,1.0089874,3.8424358
1952-05-01,14.304718,1.8081665,4.496362
1952-06-01,18.533356,0.8468628,5.8064947
1952-07-01,22.3461,0.12207031,6.832283
1952-08-01,23.649567,0.09536743,6.5557995
1952-09-01,21.432281,0.08201599,5.320162
1952-10-01,14.813019,0.17356873,3.183853
1952-11-01,8.146881,1.1053085,1.486279
1952-12-01,5.077179,1.8920898,0.9121709
1953-01-01,1.8421936,1.666069,0.88865685
1953-02-01,2.8009338,1.0795593,1.656983
1953-03-01,-1.3130798,1.247406,1.6993917
1953-04-01,9.985504,1.8882751,3.213022
1953-05-01,14.171539,1.5583038,4.274938
1953-06-01,19.255035,1.0032654,5.6573563
1953-07-01,22.015778,0.061035156,7.04591
1953-08-01,22.758698,0.011444092,6.291017
1953-09-01,17.038239,0.31471252,4.635215
1953-10-01,12.707672,0.120162964,2.919998
1953-11-01,2.044342,1.6975403,1.0957644
1953-12-01,-3.5916443,1.2216568,0.57664144
1954-01-01,-2.519867,1.3465881,0.71605295
1954-02-01,0.99282837,1.2073517,1.1776053
1954-03-01,7.277008,1.4209747,2.173219
1954-04-01,8.401764,1.9607544,2.8843544
1954-05-01,15.098663,1.4514923,4.665144
1954-06-01,20.845856,0.7648468,5.822856
1954-07-01,24.638214,0.04196167,7.0685296
1954-08-01,24.303009,0.20217896,6.536357
1954-09-01,19.043,0.015258789,4.689794
1954-10-01,13.758087,0.29182434,3.0379148
1954-11-01,8.154938,0.2975464,1.5645697
1954-12-01,3.1393127,1.4390945,0.823807
1955-01-01,3.354889,0.7419586,0.9937659
1955-02-01,6.2313538,0.62561035,1.9156896
1955-03-01,6.6651917,1.0738373,2.6651807
1955-04-01,9.623932,1.613617,3.5685449
1955-05-01,15.254791,1.247406,5.0507784
1955-06-01,21.092438,0.059127808,7.0353823
1955-07-01,23.247223,0.11253357,7.1573405
1955-08-01,22.048859,0.078201294,6.1072707
1955-09-01,18.940216,0.38909912,4.5398326
1955-10-01,16.52945,0.1411438,3.2738447
1955-11-01,8.260651,1.0375977,1.5353858
1955-12-01,3.4686584,1.3666153,0.87314475
1956-01-01,0.9840393,0.9384155,0.89907277
1956-02-01,0.39834595,2.5253296,1.1888481
1956-03-01,2.132721,1.6059875,2.0880475
1956-04-01,10.354889,0.56266785,3.8519576
1956-05-01,13.459869,1.4266968,4.681051
1956-06-01,19.778961,0.24032593,6.5434017
1956-07-01,22.920563,0.015258789,7.2784534
1956-08-01,24.120392,0.049591064,6.7871027
1956-09-01,16.871979,0.12207031,4.6858153
1956-10-01,11.206085,0.14591217,2.9904099
1956-11-01,5.77359,0.5874634,1.5907847
1956-12-01,-2.118744,1.2779236,0.63170123
1957-01-01,-1.5740662,0.43296814,0.77938664
1957-02-01,2.9618225,0.61035156,1.5480928
1957-03-01,5.6146545,1.0671616,2.4222918
1957-04-01,10.678375,1.2378693,3.7871747
1957-05-01,13.898102,1.4686584,4.413724
1957-06-01,20.233063,1.7089844,6.0172753
1957-07-01,24.306671,0.22506714,7.299401
1957-08-01,24.901031,0.01335144,6.8901925
1957-09-01,21.050568,0.1296997,4.7670712
1957-10-01,15.167023,0.1373291,3.0456595
1957-11-01,7.3281555,0.5836487,1.4688522
1957-12-01,3.1253967,0.9212494,0.8729212
1958-01-01,1.9442444,1.9187927,0.8847341
1958-02-01,3.1354065,0.26512146,1.675766
1958-03-01,7.0799866,1.2016296,2.6791244
1958-04-01,10.444977,0.85258484,3.995832
1958-05-01,15.865875,1.7547607,4.879199
1958-06-01,18.914825,1.4286041,5.732764
1958-07-01,22.58377,0.061035156,7.022887
1958-08-01,23.108063,0.0019073486,6.6602902
1958-09-01,17.987091,0.2155304,4.39176
1958-10-01,12.238312,0.06866455,2.9673464
1958-11-01,8.193268,0.44631958,1.680348
1958-12-01,4.6323547,1.1425018,0.821095
1959-01-01,1.870758,2.691269,0.81826377
1959-02-01,-5.568695,0.54359436,1.0991282
1959-03-01,3.3251038,0.7247925,2.2135787
1959-04-01,10.537872,1.1692047,3.7994943
1959-05-01,15.498199,0.8201599,5.077109
1959-06-01,19.961823,0.61035156,6.423451
1959-07-01,23.219635,0.2593994,6.724827
1959-08-01,22.12149,0.20599365,6.221738
1959-09-01,16.149078,0.0705719,4.384473
1959-10-01,10.338287,0.30899048,2.6120954
1959-11-01,5.8645325,0.5340576,1.6518943
1959-12-01,4.2809143,1.4705658,0.8624047
1960-01-01,2.0648499,0.56266785,1.0362976
1960-02-01,2.2174377,1.0080338,1.5575662
1960-03-01,4.415436,2.090454,1.9496195
1960-04-01,10.029938,1.1959076,3.4192317
1960-05-01,17.13028,0.579834,5.602647
1960-06-01,19.239899,0.9059906,5.9047713
1960-07-01,23.327057,0.1487732,7.0877113
1960-08-01,21.715973,0.011444092,6.287523
1960-09-01,18.61612,0.22315979,4.635844
1960-10-01,15.421783,0.024795532,3.4082346
1960-11-01,9.75296,0.18501282,1.8584393
1960-12-01,5.567047,1.2798309,0.99655986
1961-01-01,0.7152405,0.7686615,0.92805177
1961-02-01,-1.222992,2.4604797,1.0461956
1961-03-01,2.698639,0.8678436,2.2125318
1961-04-01,11.296783,0.47302246,4.1605344
1961-05-01,16.354156,0.8010864,5.687516
1961-06-01,20.880524,0.24032593,6.547544
1961-07-01,23.24234,0.0076293945,7.2731266
1961-08-01,23.062775,0.0019073486,6.7414045
1961-09-01,14.569,0.23269653,4.0977373
1961-10-01,12.379791,0.21362305,2.8460734
1961-11-01,7.6629944,0.1411438,1.8232428
1961-12-01,3.8961487,1.4152527,0.8648038
1962-01-01,2.4654846,0.71144104,0.9620898
1962-02-01,0.33340454,1.6441345,1.24266
1962-03-01,7.3873596,0.68092346,2.9226801
1962-04-01,9.795074,1.127243,3.843736
1962-05-01,16.681305,0.9460449,5.4904857
1962-06-01,21.546051,0.036239624,7.04797
1962-07-01,23.97879,0.030517578,7.423848
1962-08-01,24.780426,0.009536743,6.8801417
1962-09-01,19.126251,0.06484985,4.986595
1962-10-01,13.22171,0.48446655,2.6787744
1962-11-01,11.197174,0.22697449,1.9175261
1962-12-01,4.2845764,1.7242432,0.90546906
1963-01-01,3.049469,1.581192,0.9062514
1963-02-01,4.8910217,1.6555786,1.4711655
1963-03-01,2.9254456,1.3866425,2.1123216
1963-04-01,10.045563,1.367569,3.3501647
1963-05-01,13.453278,3.9844513,3.6867597
1963-06-01,18.527252,1.8463135,5.3698792
1963-07-01,22.422028,0.4348755,6.6539536
1963-08-01,23.062164,0.0019073486,6.6669436
1963-09-01,18.553009,0.37574768,4.4180007
1963-10-01,13.920441,0.6046295,2.647929
1963-11-01,8.1423645,0.90789795,1.4440007
1963-12-01,2.7992249,0.54359436,0.93080103
1964-01-01,-3.6009216,0.37765503,0.94430894
1964-02-01,1.0018616,1.5287399,1.133386
1964-03-01,7.094635,1.0967255,2.2224336
1964-04-01,9.854401,0.55503845,3.8655474
1964-05-01,13.927887,1.8901825,4.341025
1964-06-01,18.382477,2.784729,5.089708
1964-07-01,22.766754,0.11253357,6.8738756
1964-08-01,21.669586,0.030517578,5.8929696
1964-09-01,16.9628,0.16975403,4.343916
1964-10-01,13.712921,0.0019073486,3.1573215
1964-11-01,7.2306213,1.329422,1.4976896
1964-12-01,3.7381897,1.660347,0.7565096
1965-01-01,1.0931702,1.3332367,0.79363585
1965-02-01,0.4022522,2.5749207,1.1441112
1965-03-01,6.4098206,0.8506775,2.3564548
1965-04-01,9.533356,1.335144,3.3822916
1965-05-01,14.250397,1.7967224,4.4471064
1965-06-01,20.479645,0.7457733,6.4719543
1965-07-01,22.583405,0.061035156,6.819442
1965-08-01,22.973053,0.04196167,6.2420073
1965-09-01,19.055817,0.032424927,4.886467
1965-10-01,9.6510315,0.6389618,2.4787076
1965-11-01,6.7706604,0.7362366,1.5069209
1965-12-01,3.615387,1.4133453,0.8174293
1966-01-01,2.5968323,2.9773712,0.70861727
1966-02-01,5.2914124,0.21743774,1.5840865
1966-03-01,6.311432,1.1711121,2.4694726
1966-04-01,11.467682,1.1482239,3.721226
1966-05-01,14.595612,0.8544922,4.956603
1966-06-01,20.066315,0.4119873,6.4811
1966-07-01,23.664337,0.11062622,6.950527
1966-08-01,24.378204,0.31280518,6.4286666
1966-09-01,18.172028,0.31280518,4.399236
1966-10-01,15.083893,0.2040863,2.9801204
1966-11-01,11.183868,0.89263916,1.6094111
1966-12-01,2.525299,3.162384,0.7880777
1967-01-01,-0.8338318,0.9994507,0.8711629
1967-02-01,-1.5015564,0.78964233,1.2641512
1967-03-01,3.2355042,2.2239685,1.8492788
1967-04-01,9.176178,1.9235611,3.0942707
1967-05-01,14.022369,2.4147034,3.9050727
1967-06-01,17.78482,0.40626526,5.738057
1967-07-01,20.91446,0.061035156,6.765183
1967-08-01,21.668121,0.005722046,6.2742605
1967-09-01,17.371124,0.17166138,4.3053517
1967-10-01,12.588287,0.2632141,2.620656
1967-11-01,5.334381,1.200676,1.2067072
1967-12-01,3.073639,1.4762878,0.86756796
1968-01-01,-0.999115,2.7046204,0.83732235
1968-02-01,1.4635315,1.2454987,1.204703
1968-03-01,4.552887,1.8262863,2.1484978
1968-04-01,12.636627,0.7581711,3.7893205
1968-05-01,17.293854,1.4686584,4.9261675
1968-06-01,18.557281,0.88119507,5.6361146
1968-07-01,23.237457,0.05340576,6.761875
1968-08-01,21.062042,0.22125244,5.829047
1968-09-01,17.426788,0.8068085,4.0004215
1968-10-01,12.558746,0.6198883,2.2856667
1968-11-01,8.050446,1.1005402,1.2311711
1968-12-01,4.063141,2.3927689,0.674434
1969-01-01,0.020904541,2.8438568,0.6754473
1969-02-01,2.5475159,2.117157,1.2266971
1969-03-01,7.179596,2.3078918,1.8785447
1969-04-01,7.4464417,1.9435883,2.7868004
1969-05-01,15.970123,1.6593933,4.5517793
1969-06-01,20.385529,0.95176697,6.288081
1969-07-01,20.578033,0.005722046,6.506562
1969-08-01,22.358551,0.01335144,6.174203
1969-09-01,18.48758,0.089645386,4.521061
1969-10-01,12.089264,0.48732758,2.367709
1969-11-01,7.0412903,0.9765625,1.3528838
1969-12-01,4.6959534,2.1505356,0.77084076
1970-01-01,3.934723,1.2760162,0.79257786
1970-02-01,4.6146545,1.5859604,1.4741421
1970-03-01,7.11026,1.4801025,2.2136793
1970-04-01,13.123444,0.44631958,4.2220354
1970-05-01,14.429596,1.0433197,4.965227
1970-06-01,20.144196,0.39100647,6.269068
1970-07-01,23.403229,0.2937317,6.8546047
1970-08-01,21.505035,0.024795532,6.216396
1970-09-01,17.687897,0.45013428,4.360203
1970-10-01,10.63504,1.0929108,2.2654943
1970-11-01,7.8458557,1.2340546,1.3317429
1970-12-01,0.15542603,1.7356873,0.6201938
1971-01-01,4.174713,0.9918213,0.89370835
1971-02-01,1.8710022,1.8663406,1.133617
1971-03-01,5.599518,1.8386841,2.1728017
1971-04-01,8.829742,2.571106,2.6454813
1971-05-01,14.883453,1.8863678,4.0966086
1971-06-01,18.888336,1.1768341,5.775265
1971-07-01,22.545807,0.16021729,6.6267066
1971-08-01,21.545563,0.36239624,5.4127984
1971-09-01,18.845612,0.034332275,4.2971225
1971-10-01,10.671661,1.0051727,2.341736
1971-11-01,6.8873596,1.9893646,1.1516213
1971-12-01,0.8036194,1.5640259,0.7579699
1972-01-01,-4.022064,1.5354156,0.5540028
1972-02-01,-2.2693787,1.1930466,0.8190051
1972-03-01,5.528717,1.6965866,2.146829
1972-04-01,12.268219,1.6899109,3.2075717
1972-05-01,15.119537,1.033783,4.5172496
1972-06-01,18.898102,2.3384094,4.831519
1972-07-01,23.106354,0.30708313,6.2578583
1972-08-01,22.2753,0.25749207,5.554199
1972-09-01,19.304962,0.4043579,4.1662602
1972-10-01,13.382843,1.4457703,2.4122074
1972-11-01,5.542145,0.8239746,1.2149774
1972-12-01,-0.6864929,0.3528595,0.7407553
1973-01-01,-1.1440125,0.69999695,0.872232
1973-02-01,4.215973,1.6021729,1.5906765
1973-03-01,4.992584,0.8716583,2.4492257
1973-04-01,10.319244,1.2664795,3.51483
1973-05-01,16.267487,1.1482239,5.0005617
1973-06-01,18.551178,0.84495544,5.9000926
1973-07-01,23.185822,0.11634827,6.8721137
1973-08-01,22.114777,0.0038146973,6.054338
1973-09-01,19.389801,0.21362305,4.7186503
1973-10-01,13.451935,0.1487732,2.9035807
1973-11-01,3.9098206,0.76675415,1.2386292
1973-12-01,2.1610413,0.7238388,0.7978231
1974-01-01,-3.1541443,0.6761551,0.7828325
1974-02-01,2.778473,1.3713837,1.4574491
1974-03-01,7.2984924,1.3589859,2.2050216
1974-04-01,9.4461975,1.5983582,3.2856612
1974-05-01,15.341217,1.247406,4.9016066
1974-06-01,21.082916,0.36239624,6.567426
1974-07-01,22.711823,0.011444092,7.1183705
1974-08-01,21.730988,0.2155304,5.765628
1974-09-01,16.768219,0.3566742,4.173111
1974-10-01,15.817291,0.3299713,3.116034
1974-11-01,7.0570374,0.40245056,1.2893193
1974-12-01,-0.5550232,1.7967224,0.6297641
1975-01-01,-0.9234314,2.4204254,0.7432289
1975-02-01,-0.9612732,1.9187927,0.8497909
1975-03-01,6.7203674,0.68473816,2.638787
1975-04-01,12.29361,2.8800964,3.5160444
1975-05-01,13.81778,2.2945404,3.966365
1975-06-01,19.177399,1.6708374,5.7035537
1975-07-01,23.092926,0.06866455,6.6715293
1975-08-01,21.786041,0.333786,5.8442354
1975-09-01,18.21988,0.017166138,4.519101
1975-10-01,11.932404,1.5335083,2.6613622
1975-11-01,5.6079407,0.46730042,1.4198608
1975-12-01,-0.14315796,1.2130737,0.72965026
1976-01-01,-1.447113,1.3256073,0.7864125
1976-02-01,-2.393158,1.16539,1.0182784
1976-03-01,5.038727,1.7490387,1.9933097
1976-04-01,9.634674,2.1381378,3.2252147
1976-05-01,14.562653,1.9245148,3.9901807
1976-06-01,18.885406,0.30517578,5.759124
1976-07-01,21.96939,0.35095215,6.540023
1976-08-01,21.41507,0.0667572,5.8713183
1976-09-01,17.305084,0.289917,4.305143
1976-10-01,13.392609,1.7690659,2.3799055
1976-11-01,8.036774,1.1405945,1.4262571
1976-12-01,2.5934143,2.1457672,0.7332489
1977-01-01,-1.6487732,1.8978119,0.6670095
1977-02-01,5.7084045,0.71907043,1.674518
1977-03-01,4.945709,1.1558533,2.256576
1977-04-01,10.206696,2.4147034,3.261581
1977-05-01,15.215729,0.86021423,4.838191
1977-06-01,20.061554,0.30136108,6.4235516
1977-07-01,23.41861,0.11634827,7.109165
1977-08-01,23.562897,0.0,6.5041075
1977-09-01,18.569366,0.18692017,4.401211
1977-10-01,9.658844,0.5950928,2.4910011
1977-11-01,8.766144,0.0667572,1.6489588
1977-12-01,-0.043548584,1.953125,0.6473586
1978-01-01,1.9471741,1.6670227,0.82966685
1978-02-01,5.051422,1.1844635,1.5453547
1978-03-01,6.4908752,1.9168854,2.2531488
1978-04-01,9.995758,1.1482239,3.311906
1978-05-01,16.65982,0.30517578,5.6233516
1978-06-01,19.858795,0.34713745,6.589476
1978-07-01,23.935944,0.009536743,7.1981773
1978-08-01,21.565948,0.0019073486,6.0493836
1978-09-01,17.477936,0.32043457,4.3334217
1978-10-01,13.794464,1.1386871,2.6657767
1978-11-01,3.6114807,0.2632141,1.2978687
1978-12-01,3.0289612,1.6841888,0.72934854
1979-01-01,0.92471313,2.084732,0.83078074
1979-02-01,3.9620667,0.6504059,1.5189462
1979-03-01,6.540924,1.033783,2.5430546
1979-04-01,10.463043,1.1920929,3.7419536
1979-05-01,15.290924,1.8501282,4.5338573
1979-06-01,19.473785,1.5258789,5.7574215
1979-07-01,22.314362,0.2002716,6.676663
1979-08-01,23.820831,0.030517578,6.271962
1979-09-01,19.423126,0.18692017,4.6612844
1979-10-01,13.276886,0.69618225,2.5876238
1979-11-01,8.17691,1.3561249,1.4469885
1979-12-01,2.1244202,1.7051697,0.7946417
1980-01-01,-0.9319763,1.8672943,0.79867244
1980-02-01,1.3319397,1.2512207,1.149267
1980-03-01,5.0924377,1.6212463,2.0172744
1980-04-01,9.5260315,2.4662018,3.3338182
1980-05-01,14.890411,1.9645691,4.62918
1980-06-01,20.68631,0.20599365,6.7072883
1980-07-01,25.639557,0.022888184,7.402044
1980-08-01,22.988434,0.015258789,6.2710867
1980-09-01,17.567535,0.09918213,4.301451
1980-10-01,13.784088,0.83732605,2.8366148
1980-11-01,6.844635,1.0299683,1.5073493
1980-12-01,2.3451233,1.3637543,0.8954257
1981-01-01,1.4437561,5.290985,0.66743046
1981-02-01,1.355133,1.6937256,0.96449625
1981-03-01,7.0829163,0.91362,2.3688712
1981-04-01,9.697662,0.995636,3.7289784
1981-05-01,13.14859,0.9727478,4.6208725
1981-06-01,20.155914,0.7839203,6.0836935
1981-07-01,23.208405,0.33950806,6.6622605
1981-08-01,22.797638,0.019073486,6.214686
1981-09-01,19.505646,0.032424927,4.8273654
1981-10-01,15.250153,0.2937317,3.1770654
1981-11-01,4.8441467,1.7356873,1.3298392
1981-12-01,5.4166565,1.8157959,0.8992814
1982-01-01,2.0028381,0.7352829,0.9600222
1982-02-01,-0.5357361,0.9241104,1.2780093
1982-03-01,3.0311584,1.1482239,2.026368
1982-04-01,10.568512,1.3408661,3.1951518
1982-05-01,15.084869,1.4381409,4.734341
1982-06-01,19.109528,1.5144348,5.6784153
1982-07-01,21.441803,0.21362305,6.3666368
1982-08-01,22.244293,0.11253357,5.8872476
1982-09-01,19.175934,0.16021729,4.6471357
1982-10-01,12.272491,0.38337708,2.6561022
1982-11-01,3.8539124,0.54359436,1.286503
1982-12-01,1.1791077,0.8659363,0.77078116
1983-01-01,-5.1614685,1.3484955,0.722196
1983-02-01,-1.0884705,2.8152466,1.1956245
1983-03-01,3.4076233,1.4705658,1.9626356
1983-04-01,10.732574,2.204895,3.2797978
1983-05-01,15.250885,0.90026855,4.753694
1983-06-01,18.520416,0.4310608,5.672749
1983-07-01,22.297272,0.497818,6.257821
1983-08-01,21.26419,0.1449585,5.7626553
1983-09-01,18.27774,0.05722046,4.5639014
1983-10-01,11.011139,0.46730042,2.4899468
1983-11-01,7.648224,1.4820099,1.2027509
1983-12-01,2.6576233,0.49495697,0.7891506
1984-01-01,2.2987366,1.0738373,0.847809
1984-02-01,3.7865295,0.7343292,1.5132092
1984-03-01,6.059723,1.3561249,2.2847726
1984-04-01,8.55484,1.9493103,3.0577705
1984-05-01,16.52127,0.5054474,5.189631
1984-06-01,20.689117,0.18501282,6.4618254
1984-07-01,22.51773,0.04005432,6.5820403
1984-08-01,20.334137,0.10681152,5.566552
1984-09-01,19.87796,0.030517578,4.9003696
1984-10-01,13.20694,0.020980835,3.1579175
1984-11-01,6.017975,1.3027191,1.1213906
1984-12-01,-2.729828,1.4686584,0.6311536
1985-01-01,2.7262268,1.2512207,0.86838377
1985-02-01,-2.4075623,1.5449524,1.1945404
1985-03-01,3.498932,0.95939636,2.1468625
1985-04-01,11.735748,1.3151169,3.8503556
1985-05-01,16.739899,1.3790131,4.8875213
1985-06-01,20.508698,0.2193451,6.3946543
1985-07-01,21.590973,0.024795532,6.7366138
1985-08-01,24.40567,0.22506714,6.5009556
1985-09-01,18.766266,0.06484985,4.6905093
1985-10-01,9.9461975,1.4648438,2.266176
1985-11-01,8.4721985,2.0427704,1.2320094
1985-12-01,1.8531799,1.1444092,0.75154006
1986-01-01,2.5885315,0.9918213,0.9955093
1986-02-01,3.1158752,1.6078949,1.3825446
1986-03-01,6.650055,0.78582764,2.4954119
1986-04-01,12.496002,0.5283356,4.1471124
1986-05-01,12.070953,2.6550293,3.662493
1986-06-01,19.043121,0.49209595,5.7939253
1986-07-01,24.489288,0.005722046,7.1176066
1986-08-01,25.221832,0.045776367,6.6289196
1986-09-01,20.117462,0.27656555,4.466005
1986-10-01,12.699371,0.30899048,2.67867
1986-11-01,2.965973,1.0128021,1.0973811
1986-12-01,0.53286743,1.6956329,0.7554889
1987-01-01,0.84243774,2.2850037,0.79963356
1987-02-01,3.9911194,0.9174347,1.5566423
1987-03-01,-0.14535522,1.7547607,1.8042177
1987-04-01,8.998688,1.41716,3.2944157
1987-05-01,15.40567,0.71525574,4.9005895
1987-06-01,20.101227,0.579834,6.2776694
1987-07-01,23.70877,0.64468384,6.9422235
1987-08-01,22.64798,0.07247925,6.2448306
1987-09-01,19.767853,0.005722046,5.0630307
1987-10-01,11.500641,1.4648438,2.4158247
1987-11-01,5.0350647,1.9721985,1.0795071
1987-12-01,2.4007874,1.3828278,0.7379092
1988-01-01,1.4635315,0.623703,0.891529
1988-02-01,2.3363342,1.5277863,1.283858
1988-03-01,3.3524475,1.9378662,2.1925457
1988-04-01,11.001862,2.571106,3.2824316
1988-05-01,15.713287,1.619339,4.9070864
1988-06-01,19.355621,0.9880066,5.7351775
1988-07-01,23.858551,0.23460388,6.94228
1988-08-01,23.137238,0.034332275,6.4363403
1988-09-01,18.662384,0.19454956,4.5910664
1988-10-01,11.73526,1.2054443,2.3328514
1988-11-01,2.4532776,2.439499,1.0410733
1988-12-01,1.9969788,1.0261536,0.7699281
1989-01-01,-5.1683044,1.0433197,0.73215735
1989-02-01,-0.3260193,0.4787445,1.4400482
1989-03-01,7.4725647,0.89740753,2.5502481
1989-04-01,15.350006,0.49972534,4.727989
1989-05-01,16.495026,0.76293945,5.293336
1989-06-01,20.528717,0.32806396,6.4483247
1989-07-01,24.022858,0.09346008,6.998785
1989-08-01,24.412994,0.034332275,6.499566
1989-09-01,19.205109,0.06484985,4.6261625
1989-10-01,11.265045,0.7610321,2.3756847
1989-11-01,6.8019104,2.1762848,1.3051741
1989-12-01,0.73526,0.8325577,0.7624775
1990-01-01,-2.3921814,0.8916855,0.9177141
1990-02-01,1.0897522,1.4696121,1.2948662
1990-03-01,6.460602,0.7095337,2.6877038
1990-04-01,10.797516,1.0719299,3.8171895
1990-05-01,14.218414,1.9397736,4.467059
1990-06-01,19.792145,0.2784729,6.4123383
1990-07-01,24.410675,0.062942505,7.075638
1990-08-01,22.31839,0.020980835,6.2675624
1990-09-01,18.531036,0.39863586,4.499707
1990-10-01,13.203033,0.5455017,2.8492212
1990-11-01,8.855133,0.6599426,1.5766547
1990-12-01,3.6029358,0.8172989,0.97935647
1991-01-01,-0.98861694,1.4648438,0.8652732
1991-02-01,-2.2605896,1.6489029,0.861451
1991-03-01,7.740143,0.9288788,2.5235674
1991-04-01,11.162872,2.292633,3.5031438
1991-05-01,14.444,1.1444092,4.7448463
1991-06-01,21.464752,0.37384033,6.1437597
1991-07-01,24.372467,0.32806396,7.0272126
1991-08-01,24.16507,0.024795532,6.3519998
1991-09-01,19.347076,0.11253357,4.652675
1991-10-01,14.008209,1.2245178,2.737034
1991-11-01,7.1524963,0.66185,1.350075
1991-12-01,-1.440033,2.8800964,0.5775429
1992-01-01,-4.0586853,0.40245056,0.822939
1992-02-01,-6.1492615,1.0709763,1.0558665
1992-03-01,2.924469,0.8869171,2.1337643
1992-04-01,11.119293,0.869751,3.8635209
1992-05-01,15.186432,1.3465881,4.723027
1992-06-01,19.537018,1.0662079,5.68771
1992-07-01,21.709381,0.38146973,6.2409563
1992-08-01,23.23526,0.22315979,6.292004
1992-09-01,17.225006,0.05722046,4.4957547
1992-10-01,15.397858,0.049591064,3.3636317
1992-11-01,5.580719,1.1072159,1.4036074
1992-12-01,-2.6109314,2.0418167,0.63739717
1993-01-01,-2.5733337,1.2779236,0.8605495
1993-02-01,-1.8484802,0.8792877,1.2857206
1993-03-01,5.0309143,0.6427765,2.6282072
1993-04-01,10.800446,1.3046265,4.0629954
1993-05-01,14.229401,2.670288,3.9291196
1993-06-01,19.990631,1.1100769,5.8867335
1993-07-01,23.323395,0.019073486,7.09676
1993-08-01,23.732208,0.034332275,6.2378645
1993-09-01,19.592316,0.02670288,4.932929
1993-10-01,15.149078,0.44059753,3.2668114
1993-11-01,4.8180237,1.5735626,1.369778
1993-12-01,3.75943,0.7915497,0.8587837
1994-01-01,3.646637,1.8615723,0.91622025
1994-02-01,1.6964417,0.82206726,1.3519824
1994-03-01,6.231598,1.4982224,2.3141055
1994-04-01,13.583893,1.0375977,4.4798365
1994-05-01,17.084137,0.8831024,5.3479934
1994-06-01,20.923248,0.415802,6.9460163
1994-07-01,24.383331,0.207901,7.0548954
1994-08-01,23.82608,0.13923645,6.35932
1994-09-01,22.287872,0.09727478,5.2108316
1994-10-01,15.573151,0.5130768,2.8193145
1994-11-01,5.313629,1.9931793,1.2545623
1994-12-01,0.11392212,1.2626648,0.71273
1995-01-01,2.0169983,0.99754333,0.8774512
1995-02-01,3.6915588,0.705719,1.5447177
1995-03-01,6.1009827,1.5497208,2.4545267
1995-04-01,9.325104,1.5163422,3.2343268
1995-05-01,16.998688,1.2664795,5.3821244
1995-06-01,21.933502,1.2359619,6.3277445
1995-07-01,21.808258,0.8392334,6.0471
1995-08-01,23.81314,0.6198883,6.0038047
1995-09-01,19.956207,0.2670288,4.7022624
1995-10-01,11.38028,0.71525574,2.6858747
1995-11-01,2.5873108,1.8386841,1.3128743
1995-12-01,2.4415588,0.39672852,0.73862445
1996-01-01,0.28457642,0.9765625,0.836473
1996-02-01,4.052887,1.1940002,1.5105121
1996-03-01,3.671051,2.9087067,1.8550828
1996-04-01,8.687653,1.82724,3.162835
1996-05-01,18.21988,0.7610321,5.5164547
1996-06-01,20.947174,0.30136108,6.548349
1996-07-01,25.606964,0.10108948,7.2355046
1996-08-01,24.152252,0.31661987,6.174877
1996-09-01,18.949615,0.15640259,4.6130977
1996-10-01,11.814972,0.8468628,2.444949
1996-11-01,8.832184,0.15258789,1.6997979
1996-12-01,6.065094,1.3046265,0.9384677
1997-01-01,2.0611877,0.60653687,1.088161
1997-02-01,0.5211487,1.1138916,1.4208555
1997-03-01,3.014801,0.8716583,2.2600665
1997-04-01,7.511383,1.7604828,3.264986
1997-05-01,17.592682,1.7967224,5.10804
1997-06-01,20.40445,1.9836426,5.6158414
1997-07-01,23.865387,0.061035156,7.0670657
1997-08-01,22.001984,0.34332275,5.635619
1997-09-01,16.677155,0.9021759,4.206333
1997-10-01,12.896759,1.3008118,2.483856
1997-11-01,7.6982727,0.61416626,1.4276319
1997-12-01,3.4525452,0.7209778,0.8084476
1998-01-01,1.2364807,0.88500977,0.9713173
1998-02-01,2.9291077,0.4749298,1.5896112
1998-03-01,3.986969,1.6479492,2.298318
1998-04-01,12.964996,1.4762878,3.962297
1998-05-01,16.130035,1.3008118,4.546944
1998-06-01,20.935944,0.8010864,5.9412384
1998-07-01,25.250275,0.09918213,7.4486694
1998-08-01,25.506378,0.011444092,6.9120154
1998-09-01,19.8721,0.18501282,4.678745
1998-10-01,14.589874,0.64468384,3.1378381
1998-11-01,9.720978,0.22125244,1.5352815
1998-12-01,3.9635315,1.9664764,0.7689372
1999-01-01,2.8981018,1.2216568,0.9249263
1999-02-01,3.2882385,1.6384125,1.563508
1999-03-01,6.565338,1.2226105,2.402205
1999-04-01,11.897858,0.78964233,3.9473028
1999-05-01,17.613922,0.7648468,5.4843535
1999-06-01,19.881744,1.7662048,5.279753
1999-07-01,24.514435,0.24795532,6.690975
1999-08-01,24.167023,0.5683899,6.0325303
1999-09-01,19.627594,0.29945374,4.4218636
1999-10-01,14.3402405,0.5016327,2.705738
1999-11-01,7.1598206,0.11634827,1.6117729
1999-12-01,4.931671,0.55885315,1.0094643
2000-01-01,-4.575775,1.7929077,0.7888489
2000-02-01,-0.44418335,1.5125275,1.3444685
2000-03-01,4.36026,0.8573532,2.4859867
2000-04-01,12.892731,1.4419556,3.698226
2000-05-01,15.1214905,2.0656586,4.207369
2000-06-01,20.002106,0.8621216,6.0122833
2000-07-01,26.44522,0.0038146973,7.8115053
2000-08-01,23.461945,0.11062622,6.3327065
2000-09-01,19.310333,0.20980835,4.420165
2000-10-01,12.178375,0.5340576,2.516851
2000-11-01,8.380402,0.61416626,1.5461371
2000-12-01,2.5760803,0.76293945,0.793051
2001-01-01,3.384674,0.1449585,1.0313131
2001-02-01,3.2530823,0.7610321,1.5721247
2001-03-01,11.313141,0.6561279,3.2885299
2001-04-01,12.959137,0.5092621,4.434567
2001-05-01,15.484528,2.161026,4.6002603
2001-06-01,22.422272,0.062942505,7.159572
2001-07-01,26.394562,0.14686584,7.4697175
2001-08-01,25.30252,0.13160706,6.4455643
2001-09-01,21.073395,0.118255615,4.915502
2001-10-01,13.308136,0.2708435,3.0909963
2001-11-01,6.809967,2.7065277,1.3123341
2001-12-01,3.0626526,4.049301,0.6864332
2002-01-01,-4.4341736,1.789093,0.676319
2002-02-01,4.358795,0.7381439,1.5971959
2002-03-01,8.376129,1.5201569,2.5897436
2002-04-01,10.309479,2.17247,3.0190573
2002-05-01,15.585846,1.1615753,4.9628916
2002-06-01,20.565826,0.20217896,6.078869
2002-07-01,24.441803,0.7381439,6.852437
2002-08-01,22.848297,0.18119812,6.0167985
2002-09-01,18.213898,0.5760193,4.0717945
2002-10-01,13.808502,0.11444092,2.788119
2002-11-01,8.27005,0.6637573,1.6152971
2002-12-01,-1.6031189,1.3160706,0.6247945
2003-01-01,4.695465,0.9498596,0.93643737
2003-02-01,-1.3514099,2.527237,1.1806935
2003-03-01,2.131256,1.3999939,1.7500818
2003-04-01,9.818268,1.7795563,3.0686893
2003-05-01,17.582672,1.2054443,5.389441
2003-06-01,21.255524,0.2670288,6.679967
2003-07-01,23.988678,0.0019073486,7.124763
2003-08-01,23.905914,0.015258789,6.6085606
2003-09-01,18.393707,0.51498413,4.319113
2003-10-01,14.841461,0.5302429,3.159605
2003-11-01,7.349518,0.8392334,1.4496148
2003-12-01,2.4774475,1.373291,0.78482926
2004-01-01,-0.6048279,2.9697418,0.7429384
2004-02-01,1.1351624,1.3427734,1.3995655
2004-03-01,6.973053,0.6599426,2.8123333
2004-04-01,10.73819,1.7967224,3.6565325
2004-05-01,15.497955,0.8678436,5.0205326
2004-06-01,20.157623,0.63705444,6.019149
2004-07-01,23.095612,0.29945374,6.9747267
2004-08-01,23.599152,0.10108948,6.0748568
2004-09-01,18.762604,0.0076293945,4.870929
2004-10-01,15.076447,0.08392334,3.0326805
2004-11-01,6.625641,1.82724,1.5211589
2004-12-01,2.2191467,0.51403046,0.8886382
2005-01-01,3.0846252,1.1692047,1.0563992
2005-02-01,2.6227112,0.75912476,1.6879663
2005-03-01,7.1703186,0.88882446,2.6915112
2005-04-01,11.582428,1.1787415,3.9290748
2005-05-01,16.27066,0.8239746,5.184207
2005-06-01,20.20694,0.5569458,6.1735063
2005-07-01,25.103546,0.16212463,7.1933494
2005-08-01,24.58963,0.08392334,6.5439754
2005-09-01,18.07547,0.25367737,4.34896
2005-10-01,10.946686,0.69236755,2.4352596
2005-11-01,5.6925354,2.1533966,1.2088753
2005-12-01,3.3216858,0.51403046,0.9824559
2006-01-01,-0.46029663,1.3713837,0.8375868
2006-02-01,2.3934631,1.159668,1.2973212
2006-03-01,7.196686,1.2607574,2.5151968
2006-04-01,12.17569,2.2964478,3.8401113
2006-05-01,15.764069,0.81443787,5.08634
2006-06-01,21.511627,0.28419495,6.704092
2006-07-01,22.952545,0.10871887,6.7335854
2006-08-01,26.366486,0.25558472,6.939862
2006-09-01,18.756866,0.6980896,4.4187455
2006-10-01,14.04068,2.3231506,2.354812
2006-11-01,4.9858704,1.1787415,1.1825786
2006-12-01,0.19363403,0.20599365,0.732325
2007-01-01,0.85220337,1.0299683,1.032006
2007-02-01,1.6297913,1.408577,1.3091117
2007-03-01,6.4635315,1.4438629,2.5164337
2007-04-01,8.945465,0.90789795,3.4028292
2007-05-01,18.70694,0.41007996,5.6387634
2007-06-01,22.219635,0.8087158,6.7035446
2007-07-01,25.11258,0.030517578,7.57806
2007-08-01,25.360504,0.17929077,6.5588245
2007-09-01,19.47586,0.0667572,4.8814116
2007-10-01,14.192291,0.50354004,2.9339306
2007-11-01,7.3434143,2.0046234,1.4005862
2007-12-01,1.6183167,2.2211075,0.77597797
2008-01-01,-2.4163513,0.9422302,0.9085536
2008-02-01,-1.1058044,1.0089874,1.2977682
2008-03-01,9.669342,0.89263916,3.1175241
2008-04-01,13.731354,0.5121231,4.652001
2008-05-01,15.3697815,0.9613037,4.9253144
2008-06-01,21.567291,0.2975464,6.895762
2008-07-01,24.099518,0.036239624,7.3378496
2008-08-01,25.080353,0.020980835,6.714061
2008-09-01,20.063873,0.7019043,4.5862794
2008-10-01,12.808868,0.53977966,2.5494246
2008-11-01,8.563385,0.62942505,1.5385449
2008-12-01,2.0316467,1.1672974,0.86560476
2009-01-01,2.6087952,1.0890961,0.92116743
2009-02-01,3.8336487,1.6260147,1.4537201
2009-03-01,5.2174377,0.9460449,2.4184883
2009-04-01,10.623688,1.5087128,3.4760199
2009-05-01,15.098541,1.7242432,4.7729278
2009-06-01,21.097809,0.50354004,6.6217446
2009-07-01,23.06314,0.497818,6.4654946
2009-08-01,22.208893,0.05340576,6.325845
2009-09-01,17.878082,0.53977966,4.149951
2009-10-01,15.706451,0.45204163,3.08216
2009-11-01,7.24527,1.4457703,1.3374612
2009-12-01,5.268219,1.8234253,0.8304007
2010-01-01,3.4144592,1.3561249,0.9497665
2010-02-01,5.68985,1.6174316,1.6539209
2010-03-01,8.823883,0.5607605,2.9471369
2010-04-01,11.493805,1.6498566,3.7196352
2010-05-01,17.465729,0.5283356,5.510427
2010-06-01,20.521637,1.5869141,5.8348665
2010-07-01,25.546173,0.051498413,7.0666595
2010-08-01,26.733551,0.0076293945,7.0094576
2010-09-01,21.11502,0.30517578,4.8513303
2010-10-01,13.008087,1.5392303,2.4553761
2010-11-01,10.475128,0.04386902,1.9865222
2010-12-01,6.34317,1.6613007,1.0926574
2011-01-01,1.9134827,1.367569,0.8896142
2011-02-01,2.5057678,1.1768341,1.3762825
2011-03-01,5.6910706,1.4677048,2.3350604
2011-04-01,9.889313,2.2659302,3.13342
2011-05-01,13.989166,1.6613007,4.0554705
2011-06-01,19.113678,1.1405945,5.512938
2011-07-01,24.670074,0.062942505,7.157829
2011-08-01,22.987457,0.036239624,6.3124447
2011-09-01,19.225616,0.11444092,4.905004
2011-10-01,11.0399475,0.9365082,2.5868044
2011-11-01,2.5184631,0.57411194,1.2370497
2011-12-01,2.090973,0.97846985,0.8469522
2012-01-01,-1.5110779,2.538681,0.72691214
2012-02-01,-2.5413513,1.5964508,1.0889397
2012-03-01,3.8475647,0.8583069,2.259899
2012-04-01,13.473785,0.57792664,4.4419355
2012-05-01,15.515045,1.4591217,4.616484
2012-06-01,22.463043,0.18310547,6.993808
2012-07-01,25.56717,0.09727478,7.45514
2012-08-01,22.842926,0.061035156,6.260175
2012-09-01,20.246857,0.015258789,4.979279
2012-10-01,15.059235,0.749588,2.8951056
2012-11-01,8.428375,1.5125275,1.3077892
2012-12-01,4.2655334,1.6317368,0.85167956
2013-01-01,2.462799,1.1806488,0.9829514
2013-02-01,5.1715393,1.1749268,1.6275048
2013-03-01,7.8922424,0.61416626,2.771955
2013-04-01,12.115875,1.7375946,3.7376807
2013-05-01,18.317291,0.98991394,5.6961775
2013-06-01,21.213776,0.25177002,6.7613387
2013-07-01,23.259918,0.015258789,7.1662626
2013-08-01,23.409698,0.011444092,6.497849
2013-09-01,18.511505,0.12397766,4.590824
2013-10-01,10.79129,0.6275177,2.8713121
2013-11-01,8.536652,0.57411194,1.6360432
2013-12-01,-0.50961304,0.67710876,0.8500591
2014-01-01,3.2950745,2.0198822,0.88844824
2014-02-01,4.92276,0.5092621,1.7355568
2014-03-01,7.7450256,1.1711121,2.7007236
2014-04-01,12.851471,0.85258484,4.217569
2014-05-01,16.275055,1.2817383,4.970949
2014-06-01,19.97818,1.6326904,5.9150753
2014-07-01,25.27774,0.08773804,7.2144046
2014-08-01,25.392975,0.20980835,6.4411983
2014-09-01,19.132355,0.65231323,4.1871147
2014-10-01,13.512726,0.3643036,2.7556458
2014-11-01,6.887848,1.8501282,1.4001131
2014-12-01,6.1527405,1.0566711,0.8724369
2015-01-01,1.1615295,1.3523102,0.9881072
2015-02-01,3.4405823,2.158165,1.5650392
2015-03-01,7.3246155,1.8901825,2.3124962
2015-04-01,9.563141,0.98991394,3.6079028
2015-05-01,17.059967,1.1920929,5.285427
2015-06-01,18.687653,1.7642975,4.9189477
2015-07-01,24.282623,0.062942505,7.0382915
2015-08-01,24.841827,0.0743866,6.206542
2015-09-01,22.622223,0.2632141,5.1264205
2015-10-01,15.157623,0.6656647,2.687741
2015-11-01,8.532867,0.17166138,1.8714368
2015-12-01,0.096588135,0.047683716,0.85552037
2016-01-01,1.2294006,1.6975403,0.97996366
2016-02-01,7.730133,0.4901886,1.9051247
2016-03-01,8.803619,1.1081696,3.097091
2016-04-01,15.389313,0.24414062,4.8781223
2016-05-01,16.409332,1.5010834,4.894741
2016-06-01,22.532867,0.8583069,6.753374
2016-07-01,25.38504,0.09536743,7.136554
2016-08-01,25.70633,0.1411438,6.3607244
2016-09-01,19.109161,0.43296814,4.5776105
2016-10-01,14.748199,0.25177002,3.0970314
2016-11-01,6.7516174,0.42533875,1.5913024
2016-12-01,-1.0594177,3.118515,0.7227957
2017-01-01,-3.6646423,1.8291473,0.5901717
2017-02-01,0.64785767,0.1296997,1.2737997
2017-03-01,7.426422,2.6197433,2.5203228
2017-04-01,11.2464905,1.2607574,3.9438307
2017-05-01,15.957672,1.2760162,4.958097
2017-06-01,20.825592,1.2359619,5.847722
2017-07-01,25.638947,0.015258789,7.6338873
2017-08-01,24.518707,0.74005127,6.0753
2017-09-01,22.332184,0.07247925,5.2500033
2017-10-01,13.148102,0.31280518,2.889786
2017-11-01,7.2066956,1.1920929,1.5009754
2017-12-01,5.058136,1.3141632,1.0210052
2018-01-01,2.4720764,1.3017654,1.0118968
2018-02-01,7.268463,0.69618225,1.8515736
2018-03-01,10.983551,1.2722015,3.3767447
2018-04-01,14.634674,0.55503845,4.8192368
2018-05-01,18.014069,1.8539429,5.055312
2018-06-01,21.216705,0.875473,6.0883203
2018-07-01,25.441559,0.047683716,7.128183
2018-08-01,24.909698,0.015258789,6.5116434
2018-09-01,20.563263,0.18119812,4.735973
2018-10-01,14.256989,0.94890594,2.8328784
2018-11-01,8.494537,0.97084045,1.5991218
2018-12-01,3.5257874,2.4967194,0.81695616
2019-01-01,1.7303772,2.5939941,0.8393265
2019-02-01,4.815094,1.8043518,1.551684
2019-03-01,7.1979065,1.0433197,2.5682933
2019-04-01,10.421783,1.4858246,3.3775344
2019-05-01,18.237213,0.67710876,5.6874046
2019-06-01,21.32486,2.3670197,5.872607
2019-07-01,22.830719,0.2155304,6.660085
2019-08-01,23.598907,0.25367737,6.0932784
2019-09-01,20.324982,0.06866455,4.864622
2019-10-01,16.396637,0.08392334,3.2198317
2019-11-01,10.086945,0.7133484,1.779139
2019-12-01,4.1542053,2.439499,0.7907636
2020-01-01,1.2914124,2.3422241,0.8645132
2020-02-01,4.0121155,2.002716,1.471132
2020-03-01,8.178619,1.8959045,2.4845264
2020-04-01,11.962311,0.6351471,3.784828
2020-05-01,17.342194,0.7572174,5.6780057
2020-06-01,20.794342,0.6942749,6.2540693
2020-07-01,26.044586,0.0,7.5033197
2020-08-01,24.675323,0.0076293945,6.794043
2020-09-01,23.129791,0.12588501,5.2035265
2020-10-01,17.532745,0.104904175,3.4905634
2020-11-01,6.858307,0.45776367,1.4713631
2020-12-01,5.7408752,0.47683716,0.95715
2021-01-01,3.8629456,1.2893677,1.1575818
2021-02-01,3.8402405,0.5578995,1.8621013
2021-03-01,5.188629,2.090454,2.4013333
2021-04-01,12.738434,0.92697144,4.19651
2021-05-01,19.192047,0.26130676,6.093513
2021-06-01,19.309235,1.5087128,5.4052696
2021-07-01,24.850494,0.034332275,7.1046576
2021-08-01,24.483795,0.15258789,6.425876
2021-09-01,18.186676,0.7095337,4.209075
2021-10-01,13.020416,0.076293945,2.907306
2021-11-01,9.380035,0.8583069,1.66668
2021-12-01,1.9288635,1.9626617,0.87518245
2022-01-01,-0.9480896,3.1375885,0.835903
2022-02-01,2.1590881,1.8558502,1.3003796
2022-03-01,0.7254944,2.1038055,1.9040406
2022-04-01,14.106598,0.49209595,4.777789
2022-05-01,15.471588,1.4038086,4.7033095
2022-06-01,20.624176,1.4724731,5.573936
2022-07-01,22.692535,0.06866455,6.9571624
2022-08-01,25.75528,0.045776367,6.5639725
2022-09-01,20.631378,0.18310547,4.961323
2022-10-01,13.372711,1.2435913,2.4819226
2022-11-01,9.186188,0.2040863,1.789663
2022-12-01,5.493561,0.6008148,1.014486
2023-01-01,3.0541077,0.46157837,1.1471547
2023-02-01,0.16152954,0.7982254,1.6650558
2023-03-01,7.9794006,2.5253296,2.5155804
2023-04-01,10.798492,1.1491776,3.6687553
2023-05-01,15.42691,1.8444061,4.2884684
2023-06-01,19.311676,2.527237,4.9737544
2023-07-01,24.489166,0.1449585,7.3297133
2023-08-01,27.505402,0.078201294,7.0510173
2023-09-01,20.155182,0.6198883,4.8111787
2023-10-01,15.348053,0.47683716,3.0064285
2023-11-01,10.759674,0.9765625,1.852464
2023-12-01,6.1439514,0.82969666,1.0329597
2024-01-01,4.1280823,1.537323,0.9870082
2024-02-01,6.1390686,0.6427765,1.7197952
2024-03-01,8.3055725,1.2187958,2.7801878
2024-04-01,15.957916,0.7457733,4.691243
2024-05-01,15.567535,2.7427673,4.3859034
2024-06-01,24.733551,0.5989075,7.2021112
2024-07-01,25.057037,0.40626526,6.7696905
2024-08-01,24.771027,0.5836487,6.1770825
2024-09-01,20.148468,1.3446808,4.225999
2024-10-01,13.483551,0.032424927,2.9927902
2024-11-01,6.415924,0.8392334,1.4806316
2024-12-01,4.6024475,1.3122559,0.81147254
